JOB,AREAS,
Beauty Team Leader,Beauty,
Closing Team Leader,Closing,
ETL Closing,Closing,
ETL Food & Beverage Sales,Food and Beverage,
ETL GM & Food Sales,Food and Beverage,
ETL GM Sales,All Areas,
ETL Human Resources,All Areas,
ETL Inbound Operations,Inbound - Outbound,
ETL Service & Engagement,Service and Engagement,
ETL Specialty Sales,Specialty Sales,
Food & Beverage Team Leader,Food and Beverage,
Food Service Team Leader,Food Service,
Fulfillment Operations Team Leader,Fulfillment,
GM Food & Bev Team Leader,Food and Beverage,
General Merchandise Team Leader,General Merchandise,
Human Resources Process Team Leader,All Areas,
Human Resources Team Leader,All Areas,
Inbound Operations Team Leader,Inbound - Outbound,
Service & Engagement Team Leader,Service and Engagement,
Small Format Store Director,All Areas,
Small Format Team Leader,All Areas,
Specialty Sales Team Leader,Specialty Sales,
Sr ETL,All Areas,
Store Director,All Areas,
Style Team Leader,Apparel and Accessories,